model,time,rmse
Fourier Transform,0.03453373908996582,2.621366404627288
SARIMA,149.85457992553708,7.869614023991562
TBATS,2420.605045080185,4.04384008149114
RNN,2388.185251,2.780198
LSTM,2502.685699224472,2.4419751476523834
LSTM_More_N,2722.6581258773804,2.319288584846109
LSTM_2Layers,6626.589132785797,2.4090034844243466
